Kommune,URL
Aabenraa,https://www.aabenraa.dk/
Aalborg,https://www.aalborg.dk/
Aarhus,https://www.aarhus.dk/
Ærø,https://www.aeroekommune.dk/
Albertslund,https://albertslund.dk/
Allerød,https://www.alleroed.dk/
Assens,https://www.assens.dk/
Ballerup,https://ballerup.dk/
Billund,https://billund.dk/
Bornholm,https://www.brk.dk/
Brøndby,https://www.brondby.dk/
Brønderslev,https://www.bronderslev.dk/
Dragør,https://www.dragoer.dk/
Egedal,https://www.egedalkommune.dk/
Esbjerg,https://www.esbjerg.dk/
Faaborg-Midtfyn,https://www.fmk.dk/
Fanø,https://www.fanoe.dk/
Favrskov,https://favrskov.dk/
Faxe,https://www.faxekommune.dk/
Fredensborg,https://www.fredensborg.dk/
Fredericia,https://www.fredericia.dk/
Frederiksberg,https://www.frederiksberg.dk/
Frederikshavn,https://frederikshavn.dk/
Frederikssund,https://www.frederikssund.dk/
Furesø,https://www.furesoe.dk/
Gentofte,https://www.gentofte.dk/
Gladsaxe,https://gladsaxe.dk/
Glostrup,https://www.glostrup.dk/
Greve,https://www.greve.dk/
Gribskov,https://gribskov.dk/
Guldborgsund,https://www.guldborgsund.dk/
Haderslev,https://www.haderslev.dk/
Halsnæs,https://halsnaes.dk/
Hedensted,https://www.hedensted.dk/
Helsingør,https://www.helsingor.dk/
Herlev,https://herlev.dk/
Herning,https://www.herning.dk/
Hillerød,https://www.hillerod.dk/
Hjørring,https://hjoerring.dk/
Høje-Taastrup,https://www.htk.dk/
Holbæk,https://holbaek.dk/
Holstebro,https://www.holstebro.dk/
Horsens,https://horsens.dk/
Hørsholm,https://www.horsholm.dk/
Hvidovre,https://www.hvidovre.dk/
Ikast-Brande,https://ikast-brande.dk/
Ishøj,https://ishoj.dk/
Jammerbugt,https://www.jammerbugt.dk/
Kalundborg,https://kalundborg.dk/
Kerteminde,https://kerteminde.dk/
København,https://www.kk.dk/
Køge,https://www.koege.dk/
Kolding,https://www.kolding.dk/
Læsø,https://www.laesoe.dk/
Langeland,https://langelandkommune.dk/
Lejre,https://www.lejre.dk/
Lemvig,https://www.lemvig.dk/
Lolland,https://www.lolland.dk/
Lyngby-Taarbæk,https://www.ltk.dk/
Mariagerfjord,https://www.mariagerfjord.dk/
Middelfart,https://www.middelfart.dk/
Morsø,https://www.mors.dk/
Næstved,https://www.naestved.dk/
Norddjurs,https://www.norddjurs.dk/
Nordfyns,https://www.nordfynskommune.dk/
Nyborg,https://nyborg.dk/
Odder,https://odder.dk/
Odense,https://www.odense.dk/
Odsherred,https://www.odsherred.dk/
Randers,https://www.randers.dk/
Rebild,https://rebild.dk/
Ringkøbing-Skjern,https://www.rksk.dk/
Ringsted,https://ringsted.dk/
Rødovre,https://www.rk.dk/
Roskilde,https://www.roskilde.dk/
Rudersdal,https://www.rudersdal.dk/
Samsø,https://www.samsoe.dk/
Silkeborg,https://silkeborg.dk/
Skanderborg,https://www.skanderborg.dk/
Skive,https://skive.dk/
Slagelse,https://www.slagelse.dk/
Solrød,https://www.solrod.dk/
Sønderborg,https://sonderborgkommune.dk/
Sorø,https://soroe.dk/
Stevns,https://stevns.dk/
Struer,https://www.struer.dk/
Svendborg,https://www.svendborg.dk/
Syddjurs,https://www.syddjurs.dk/
Tårnby,https://www.taarnby.dk/
Thisted,https://www.thisted.dk/
Tønder,https://www.toender.dk/
Vallensbæk,https://www.vallensbaek.dk/
Varde,https://www.vardekommune.dk/
Vejen,https://vejen.dk/
Vejle,https://www.vejle.dk/
Vesthimmerlands,https://vesthimmerland.dk/
Viborg,https://viborg.dk/
Vordingborg,https://www.vordingborg.dk/
